firstname,lastname,totalprice,depositpaid,bookingdates.checkin,bookingdates.checkout,additionalneeds
Bonnibelle,Forsyth,417,true,2023-01-08,2023-01-08,Breakfast
Jasmine,Waterson,621,true,2023-01-08,2023-01-08,Breakfast
Conan,Pyer,820,true,2023-01-08,2023-01-08,Breakfast
Maryanna,St Louis,561,true,2023-01-08,2023-01-08,Dinner
Padgett,Yancey,23,false,2023-01-08,2023-01-08,Dinner
Elton,Bazoge,869,true,2023-01-08,2023-01-08,Dinner
Aggi,Benterman,445,true,2023-01-08,2023-01-08,Breakfast
Lucais,Bortoli,973,true,2023-01-08,2023-01-08,Breakfast
Jenni,Mc Meekan,761,true,2023-01-08,2023-01-08,Breakfast
Bernita,Partleton,727,true,2023-01-08,2023-01-08,Breakfast
Prudy,Dixsee,10,false,2023-01-08,2023-01-08,Lunch
Joana,Tullett,666,true,2023-01-08,2023-01-08,Breakfast
Antoine,Shipcott,700,true,2023-01-08,2023-01-08,Breakfast
Jayme,Vaisey,666,true,2023-01-08,2023-01-08,Lunch
Chane,Gracey,134,false,2023-01-08,2023-01-08,Breakfast
Danella,Endacott,774,false,2023-01-08,2023-01-08,Lunch
Linnell,Burchard,443,false,2023-01-08,2023-01-08,Dinner
Cammi,Brosini,609,true,2023-01-08,2023-01-08,Breakfast
Annmarie,Maryet,118,false,2023-01-08,2023-01-08,Dinner
Hynda,Ricold,575,true,2023-01-08,2023-01-08,Breakfast
Kerr,Durnall,589,false,2023-01-08,2023-01-08,Breakfast
Phyllys,Ready,327,false,2023-01-08,2023-01-08,Dinner
Austina,Coltherd,961,false,2023-01-08,2023-01-08,Breakfast
Gene,Vina,943,false,2023-01-08,2023-01-08,Lunch
Hedwig,Scholfield,797,false,2023-01-08,2023-01-08,Dinner
Ambur,Juggings,725,false,2023-01-08,2023-01-08,Lunch
Tish,Wheelhouse,963,false,2023-01-08,2023-01-08,Dinner
Megen,Menis,270,false,2023-01-08,2023-01-08,Breakfast
Appolonia,Olsen,80,false,2023-01-08,2023-01-08,Breakfast
Grannie,Tett,82,false,2023-01-08,2023-01-08,Breakfast
Bettine,Wellbank,182,false,2023-01-08,2023-01-08,Breakfast
Nedda,Mindenhall,241,true,2023-01-08,2023-01-08,Dinner
Davis,Woollam,500,true,2023-01-08,2023-01-08,Lunch
Bryon,Ribbens,303,true,2023-01-08,2023-01-08,Breakfast
Darcy,Knipe,570,true,2023-01-08,2023-01-08,Breakfast
Faulkner,Efford,268,false,2023-01-08,2023-01-08,Breakfast
Nevin,Boyton,200,false,2023-01-08,2023-01-08,Breakfast
Carolyn,Chetham,336,true,2023-01-08,2023-01-08,Lunch
Roxy,Blest,177,false,2023-01-08,2023-01-08,Dinner
Ulrica,Mitton,119,true,2023-01-08,2023-01-08,Breakfast
Gilemette,Cumberbatch,162,false,2023-01-08,2023-01-08,Dinner
Lorrayne,Spittal,312,true,2023-01-08,2023-01-08,Dinner
Lamond,Clewett,94,false,2023-01-08,2023-01-08,Dinner
Joyann,Milnes,145,true,2023-01-08,2023-01-08,Lunch
Levey,Wheeldon,180,false,2023-01-08,2023-01-08,Breakfast
Luigi,Danser,864,true,2023-01-08,2023-01-08,Lunch
Ellwood,Whittleton,98,true,2023-01-08,2023-01-08,Breakfast
Odille,Spencer,453,false,2023-01-08,2023-01-08,Lunch
Garrek,Jannaway,165,true,2023-01-08,2023-01-08,Lunch
Mendie,Delyth,190,false,2023-01-08,2023-01-08,Lunch
Cass,Winchcum,502,false,2023-01-08,2023-01-08,Dinner
Suzy,Yielding,941,true,2023-01-08,2023-01-08,Breakfast
Britt,Hunston,584,true,2023-01-08,2023-01-08,Dinner
Miof mela,Erat,160,false,2023-01-08,2023-01-08,Lunch
Annabel,McPhilip,411,false,2023-01-08,2023-01-08,Lunch
Livia,Earnshaw,919,false,2023-01-08,2023-01-08,Lunch
Fernande,Shaddick,590,true,2023-01-08,2023-01-08,Lunch
Dewain,Ridout,521,false,2023-01-08,2023-01-08,Lunch
Baxie,Sturror,191,false,2023-01-08,2023-01-08,Dinner
Marlon,MacAdie,637,true,2023-01-08,2023-01-08,Breakfast
Jakie,Harriss,398,true,2023-01-08,2023-01-08,Lunch
Sinclair,Melluish,669,false,2023-01-08,2023-01-08,Breakfast
Casie,Skeates,808,false,2023-01-08,2023-01-08,Dinner
Helyn,Khadir,915,true,2023-01-08,2023-01-08,Dinner
Virgie,Bransgrove,707,true,2023-01-08,2023-01-08,Dinner
Gan,Garnsworth,227,false,2023-01-08,2023-01-08,Dinner
Meade,Bauldrey,568,false,2023-01-08,2023-01-08,Dinner
Felita,Snoday,991,true,2023-01-08,2023-01-08,Dinner
Malissia,Springett,221,false,2023-01-08,2023-01-08,Dinner
Wallie,Faye,329,true,2023-01-08,2023-01-08,Dinner
Bobine,Pass,502,true,2023-01-08,2023-01-08,Breakfast
Alano,Gainsford,594,false,2023-01-08,2023-01-08,Lunch
Karel,Formilli,320,true,2023-01-08,2023-01-08,Dinner
Isidoro,Tench,396,true,2023-01-08,2023-01-08,Dinner
Mary,Frondt,133,false,2023-01-08,2023-01-08,Breakfast
Bathsheba,Lowre,590,true,2023-01-08,2023-01-08,Dinner
Octavia,Thody,694,true,2023-01-08,2023-01-08,Lunch
Roxane,Espinos,157,false,2023-01-08,2023-01-08,Lunch
Rina,Thurlow,21,true,2023-01-08,2023-01-08,Lunch
Philippine,Prinne,552,true,2023-01-08,2023-01-08,Dinner
Sherwynd,Rennocks,453,true,2023-01-08,2023-01-08,Dinner
Farley,Elliss,123,false,2023-01-08,2023-01-08,Dinner
Vinny,Klos,90,true,2023-01-08,2023-01-08,Breakfast
Aubrette,Brislane,887,false,2023-01-08,2023-01-08,Lunch
Barton,Haggarty,750,false,2023-01-08,2023-01-08,Dinner
Missy,Paff,146,true,2023-01-08,2023-01-08,Dinner
Cyrillus,Laughlan,454,false,2023-01-08,2023-01-08,Breakfast
Wells,Raylton,659,false,2023-01-08,2023-01-08,Dinner
Jamal,Joul,356,false,2023-01-08,2023-01-08,Lunch
Hanna,Shrieves,437,false,2023-01-08,2023-01-08,Dinner
Kip,Tackley,950,false,2023-01-08,2023-01-08,Lunch
Brittne,Riddick,480,true,2023-01-08,2023-01-08,Lunch
Garold,Addess,78,true,2023-01-08,2023-01-08,Lunch
Skylar,McCahey,979,true,2023-01-08,2023-01-08,Breakfast
Erhart,Boam,807,true,2023-01-08,2023-01-08,Breakfast
Leyla,Duffyn,98,true,2023-01-08,2023-01-08,Breakfast
Jaynell,Fassum,630,false,2023-01-08,2023-01-08,Breakfast
Carney,Laurentino,369,true,2023-01-08,2023-01-08,Lunch
Dode,Stansall,784,false,2023-01-08,2023-01-08,Dinner
Yoshi,Hallows,873,false,2023-01-08,2023-01-08,Breakfast
